Gaussian_A,Gaussian_B,P1_SNR,P1_CNR,P2_SNR,P2_CNR,P3_SNR,P3_CNR,P4_SNR,P4_CNR,P5_SNR,P5_CNR,P6_SNR,P6_CNR
0.0,1.0,13.38864774624374,29.42978148747814,6.801970108695652,14.700362096284811,2.730201342281879,5.7963452979067025,1.3217790280987307,2.936063789220292,0.6543092204274107,1.4730465683100435,0.3223966587427364,0.7274781238853598
0.0,2.0,5.0932300266734405,42.96638569869582,2.4984404242046163,21.108072279488386,1.0256410256410258,8.499262669425637,0.4845965890254533,4.164706902451226,0.252367008926268,2.1662219242713876,0.12145475803266864,1.0862159369627087
1.0,0.0,50.439896223695584,29.42978148747814,24.835721378919,14.700362096284811,9.89537257570602,5.7963452979067025,4.964912280701753,2.936063789220292,2.5050097031553222,1.4730465683100435,1.240723949594831,0.7274781238853598
1.0,2.0,22.224819001651213,27.872141322040584,10.921210230817218,13.738524424029713,4.399440284396037,5.548984948591496,2.1509153641196903,2.6968780637997543,1.123916464578711,1.4020426221153992,0.5403786773965852,0.7166747087440977
2.0,0.0,118.1190544825598,42.96638569869582,58.11916583912611,21.108072279488386,23.227968696835656,8.499262669425637,11.59524416857977,4.164706902451226,5.854294544670451,2.1662219242713876,2.9991218362902936,1.0862159369627087
2.0,1.0,136.81302170283806,27.872141322040584,69.57914402173911,13.738524424029713,27.49006711409396,5.548984948591496,13.701564017549149,2.6968780637997543,6.810039798000067,1.4020426221153992,3.467313787638669,0.7166747087440977
