Gaussian_A,Gaussian_B,P1_SNR,P1_CNR,P2_SNR,P2_CNR,P3_SNR,P3_CNR,P4_SNR,P4_CNR,P5_SNR,P5_CNR,P6_SNR,P6_CNR
0.0,1.0,10.77473805094167,26.50917256336972,6.254413211023349,14.231384719774796,2.648389644370218,5.832087116219837,1.349044611345188,2.8897796166766656,1.8947054779201493,0.8750459380239508,0.7209657438697293,0.8956959156445121
0.0,2.0,5.006736258825167,42.423464084322,2.480774538687385,21.055258735034677,0.9894611759834177,8.36757671251402,0.5217897586244626,4.337828889801914,0.7266615316499332,2.0844155783539438,0.2684634227832788,1.5164455168697868
1.0,0.0,50.142828094083576,26.50917256336972,24.930706732532027,14.231384719774796,10.008583097858898,5.832087116219837,4.926965234990042,2.8897796166766656,2.3057378289367154,0.8750459380239508,1.769776672403861,0.8956959156445121
1.0,2.0,21.91866279013104,26.65083428476536,10.86862249706985,13.553989790521591,4.317852635351349,5.418820504170605,2.2521682508732703,2.8345239924827994,1.334084180038882,1.6813367774378434,0.7885868821368729,1.068387082427539
2.0,0.0,117.37209199087087,42.423464084322,58.37755185515134,21.055258735034677,23.41715745403897,8.36757671251402,11.575602338868652,4.337828889801914,5.418027470913309,2.0844155783539438,4.328326957729214,1.5164455168697868
2.0,1.0,110.41347585380065,26.65083428476536,64.16305995042381,13.553989790521591,27.04036289389248,5.418820504170605,13.680302278885149,2.8345239924827994,8.173800863392426,1.6813367774378434,5.179414267354495,1.068387082427539
