phantom_name,mu_air,mu_wax,mu_tissue,sigma_air,sigma_wax,sigma_tissue
P1,8.0,35.0,82.0,0.7000000000000001,0.6000000000000001,1.6
P2,8.0,35.0,82.0,1.4000000000000001,1.2000000000000002,3.2
P3,8.0,35.0,82.0,3.5,3.0,8.0
P4,8.0,35.0,82.0,7.0,6.0,16.0
P5,8.0,35.0,82.0,14.0,12.0,32.0
P6,8.0,35.0,82.0,28.0,24.0,64.0
