Gaussian_A,Gaussian_B,SNR,CNR
0,1,13.38864774624374,29.42978148747814
0,2,5.0932300266734405,42.96638569869582
1,0,50.439896223695584,29.42978148747814
1,2,22.224819001651213,27.872141322040584
2,0,118.1190544825598,42.96638569869582
2,1,136.81302170283806,27.872141322040584
