Gaussian_A,Gaussian_B,SNR,CNR
0,1,5.114887351429281,11.519579657879286
0,2,1.9959204549635794,16.912532838665626
1,0,20.050947023852114,11.519579657879286
1,2,8.731810460057623,10.909563517622578
2,0,46.94245086815389,16.912532838665626
2,1,52.387541179009645,10.909563517622578
