Gaussian_A,Gaussian_B,SNR,CNR
0,1,13.333333333333332,29.285611805518577
0,2,5.0,42.372276739226244
1,0,49.99999999999999,29.285611805518577
1,2,21.875,27.50466959109068
2,0,117.14285714285714,42.372276739226244
2,1,136.66666666666666,27.50466959109068
