Gaussian_A,Gaussian_B,SNR,CNR
0,1,6.801970108695652,14.700362096284811
0,2,2.4984404242046163,21.108072279488386
1,0,24.835721378919,14.700362096284811
1,2,10.921210230817218,13.738524424029713
2,0,58.11916583912611,21.108072279488386
2,1,69.57914402173911,13.738524424029713
