Gaussian_A,Gaussian_B,SNR,CNR
0,1,6.254413211023349,14.231384719774796
0,2,2.480774538687385,21.055258735034677
1,0,24.930706732532027,14.231384719774796
1,2,10.86862249706985,13.553989790521591
2,0,58.37755185515134,21.055258735034677
2,1,64.16305995042381,13.553989790521591
