Gaussian_A,Gaussian_B,SNR,CNR
0,1,6.666666666666666,14.642805902759289
0,2,2.5,21.186138369613122
1,0,24.999999999999996,14.642805902759289
1,2,10.9375,13.75233479554534
2,0,58.57142857142857,21.186138369613122
2,1,68.33333333333333,13.75233479554534
