Gaussian_A,Gaussian_B,SNR,CNR
0,1,2.730201342281879,5.7963452979067025
0,2,1.0256410256410258,8.499262669425637
1,0,9.89537257570602,5.7963452979067025
1,2,4.399440284396037,5.548984948591496
2,0,23.227968696835656,8.499262669425637
2,1,27.49006711409396,5.548984948591496
