Gaussian_A,Gaussian_B,SNR,CNR
0,1,2.648389644370218,5.832087116219837
0,2,0.9894611759834177,8.36757671251402
1,0,10.008583097858898,5.832087116219837
1,2,4.317852635351349,5.418820504170605
2,0,23.41715745403897,8.36757671251402
2,1,27.04036289389248,5.418820504170605
