Gaussian_A,Gaussian_B,SNR,CNR
0,1,1.3217790280987307,2.936063789220292
0,2,0.4845965890254533,4.164706902451226
1,0,4.964912280701753,2.936063789220292
1,2,2.1509153641196903,2.6968780637997543
2,0,11.59524416857977,4.164706902451226
2,1,13.701564017549149,2.6968780637997543
