Gaussian_A,Gaussian_B,SNR,CNR
0,1,1.349044611345188,2.8897796166766656
0,2,0.5217897586244626,4.337828889801914
1,0,4.926965234990042,2.8897796166766656
1,2,2.2521682508732703,2.8345239924827994
2,0,11.575602338868652,4.337828889801914
2,1,13.680302278885149,2.8345239924827994
