Gaussian_A,Gaussian_B,SNR,CNR
0,1,0.6543092204274107,1.4730465683100435
0,2,0.252367008926268,2.1662219242713876
1,0,2.5050097031553222,1.4730465683100435
1,2,1.123916464578711,1.4020426221153992
2,0,5.854294544670451,2.1662219242713876
2,1,6.810039798000067,1.4020426221153992
