Gaussian_A,Gaussian_B,SNR,CNR
0,1,1.8947054779201493,0.8750459380239508
0,2,0.7266615316499332,2.0844155783539438
1,0,2.3057378289367154,0.8750459380239508
1,2,1.334084180038882,1.6813367774378434
2,0,5.418027470913309,2.0844155783539438
2,1,8.173800863392426,1.6813367774378434
