Gaussian_A,Gaussian_B,SNR,CNR
0,1,0.6666666666666666,1.4642805902759293
0,2,0.25,2.1186138369613126
1,0,2.5,1.4642805902759293
1,2,1.09375,1.3752334795545342
2,0,5.857142857142857,2.1186138369613126
2,1,6.833333333333333,1.3752334795545342
