Gaussian_A,Gaussian_B,SNR,CNR
0,1,0.3223966587427364,0.7274781238853598
0,2,0.12145475803266864,1.0862159369627087
1,0,1.240723949594831,0.7274781238853598
1,2,0.5403786773965852,0.7166747087440977
2,0,2.9991218362902936,1.0862159369627087
2,1,3.467313787638669,0.7166747087440977
