Gaussian_A,Gaussian_B,SNR,CNR
0,1,0.7209657438697293,0.8956959156445121
0,2,0.2684634227832788,1.5164455168697868
1,0,1.769776672403861,0.8956959156445121
1,2,0.7885868821368729,1.068387082427539
2,0,4.328326957729214,1.5164455168697868
2,1,5.179414267354495,1.068387082427539
